case_id	mutation	KRAS_VAF
C3N-01011	G12D	0.0392857
C3N-03840	G12V	0.12831
C3N-01012	NA	NA
C3N-03780	G12V	0.116279
C3N-02971	G12R	0.121429
C3L-00819	G12D	0.122302
C3N-00436	G12V	0.0852713
C3L-00589	G12D	0.216617
C3L-00622	G12V	0.106383
C3L-04848	G12D	0.130672
C3L-01662	G12D	0.148148
C3L-00625	G12D	0.163961
C3L-02112	G12D	0.0246479
C3L-00640	G12V	0.0639731
C3L-01453	G12D	0.125189
C3N-02768	G12D	0.310734
C3L-02115	G12V	0.0957447
C3N-03884	G12D	0.104505
C3L-01703	G12R	0.11186
C3L-02116	Q61H	0.124309
C3N-02998	G12D	0.030426
C3L-03630	G12D	0.146712
C3L-02118	G12V	0.11236
C3L-03632	G12V	0.041791
C3L-01031	G12D	0.327835
C3N-02573	G12V	0.121901
C3N-00709	G12R	0.151139
C3L-01687	G12D	0.134199
C3N-00249	Q61R	0.214511
C3L-02809	G12V	0.309154
C3N-03173	G12D	0.0945122
C3L-03635	G12D	0.126183
C3L-03388	G12R	0.0813953
C3L-01689	G12D	0.175749
C3L-00189	G12V	0.0695103
C3N-00511	G12D	0.232246
C3L-02610	G12V	0.251101
C3N-00512	G12R	0.0369128
C3L-01036	G12D	0.0720859
C3N-00513	G12D	0.0532446
C3L-01037	G12D	0.165948
C3N-03190	G12D	0.237288
C3N-02592	G12D	0.0880914
C3N-02579	G12R	0.258258
C3N-00514	G12V	0.131127
C3L-03639	G12D	0.439716
C3L-02613	G12V	0.478488
C3L-01051	G12D	0.157801
C3N-03211	G12R	0.0321543
C3L-01052	G12V	0.0322061
C3N-03426	NA	NA
C3N-00957	G12V	0.0575758
C3N-00516	G12D	0.238429
C3N-00302	G12V	0.22619
C3L-01053	G12R	0.0415094
C3N-03440	G12V	0.0470852
C3N-01997	G12R	0.0631229
C3N-00517	G12D	0.0461538
C3N-00303	G12D	0.0512091
C3L-01054	G12R	0.0457143
C3N-03428	G12D	0.0193322
C3N-03000	G12D	0.272109
C3N-01998	G12S	0.0717949
C3N-00518	Q61H	0.127451
C3L-04027	G12D	0.176617
C3L-01971	G12V	0.334783
C3L-00017	G12D	0.174779
C3N-03670	G12D	0.028125
C3N-03006	G12R	0.0921788
C3N-03007	G12D	0.152838
C3N-01380	NA	NA
C3N-04126	G12R	0.172277
C3N-01381	G12D	0.110606
C3N-01382	G12V	0.0554622
C3L-01328	G12D	0.393327
C3N-01383	G12D	0.0898876
C3L-04080	G12R	0.138318
C3N-01388	G12D	0.0779944
C3L-02463	G12D	0.202952
C3N-03061	G12V	0.130326
C3N-02940	G12D	0.13465
C3N-03754	G12D	0.165775
C3N-02944	G12D	0.0836364
C3N-03069	G12C	0.0723982
C3L-01598	G12D	0.154795
C3N-03086	G12D	0.196491
C3L-01637	Q61H	0.118834
C3N-03839	G12V	0.162295
C3L-03123	G12V	0.320323
C3N-03853	G13D	0.138728
C3N-01714	G12D	0.122896
C3N-01715	NA	NA
C3L-04853	G12V	0.0955882
C3L-00401	G12D	0.0451467
C3N-01716	G12R	0.161184
C3N-01502	G12V	0.0412844
C3N-02295	G12V	0.0380623
C3N-00198	NA	NA
C3L-03356	G12D	0.0836177
C3L-00598	G12D	0.280055
C3N-01719	G12V	0.0261866
C3L-00599	G12D	0.156788
C3L-02109	G12R	0.142566
C3L-00881	G12R	0.0730223
C3L-03628	G12R	0.115888
C3L-03394	G12D	0.0174825
C3L-03395	G12D	0.0510441
C3N-04282	Q61H	0.445844
C3L-02604	G12V	0.353919
C3N-04283	G12D	0.139896
C3N-04284	Q61R	0.0478261
C3N-03430	G12V	0.284224
C3N-02585	G12D	0.181818
C3L-02606	G12D	0.129032
C3L-04473	G12V	0.0587276
C3N-02589	G12R	0.0835655
C3L-04475	G12R	0.0947581
C3N-03665	G12V	0.153527
C3L-00928	G12V	0.0856481
C3N-03666	G12V	0.167019
C3N-03439	G12R	0.0905512
C3L-04479	G12V	0.163073
C3L-04495	G12D	0.0471698
C3N-04119	G12D	0.119318
C3N-01375	G12V	0.103986
C3L-04072	G12D	0.451049
C3L-02890	G12D	0.12336
C3L-00277	Q61H	0.356808
C3N-02010	G12R	0.327759
C3N-01165	G12V	0.0924609
C3L-01124	G12D	0.0858086
C3N-01166	G12V	0.0533333
C3N-01167	Q61H	0.332103
C3L-02701	G12V	0.100358
C3N-03039	G12R	0.189744
C3N-01168	G12V	0.105413
C3L-02897	G12V	0.13253
C3L-00102	G12R	0.103189
C3L-03743	G12D	0.231023
C3L-02899	G12D	0.12093
